kryterium,pytanie_weryfikacyjne,wymagany_dowod,status
zgodność_zastosowania,Czy wyrób jest przeznaczony do projektowanego układu?,Aktualna deklaracja i instrukcja systemowa,do_ustalenia_dla_inwestycji
ssanie_wiatru,Czy układ i mocowanie spełniają obliczone obciążenia?,Obliczenia oraz dane systemowe mocowań,do_ustalenia_dla_inwestycji
ogień,Czy kompletny układ spełnia wymagania pożarowe?,Klasyfikacja dla właściwego podłoża i układu,do_ustalenia_dla_inwestycji
kompatybilność,Czy wszystkie warstwy i środki pomocnicze są kompatybilne?,Dokumentacja producenta,do_ustalenia_dla_inwestycji
warunki_montazu,Czy temperatura wilgotność i stan podłoża mieszczą się w wymaganiach?,Instrukcja montażu i plan robót,do_ustalenia_dla_inwestycji
ruch_serwisowy,Czy przewidziano ochronę w strefach dojść i obsługi?,Projekt tras i warstw ochronnych,do_ustalenia_dla_inwestycji
ekspozycja_chemiczna,Czy określono substancje stężenia i czas kontaktu?,Ocena kompatybilności producenta,do_ustalenia_dla_inwestycji
naprawialność,Czy system ma udokumentowane procedury kontroli i napraw?,Instrukcja serwisowa,do_ustalenia_dla_inwestycji

